Id, Balance
1, 123.21,
2, 32412.32,
3, 1231.123,
4, 123.21,
5, 12.32
6, 12.56
7, 0.000000e+00,
12, 0.000000e+00,
12, 0.000000e+00,
13, 0.000000e+00,
14, 0.000000e+00,
